"Data Source","Indicadores del desarrollo mundial",

"Last Updated Date","2018-11-14",

"Country Name","Country Code","Indicator Name","Indicator Code","1960","1961","1962","1963","1964","1965","1966","1967","1968","1969","1970","1971","1972","1973","1974","1975","1976","1977","1978","1979","1980","1981","1982","1983","1984","1985","1986","1987","1988","1989","1990","1991","1992","1993","1994","1995","1996","1997","1998","1999","2000","2001","2002","2003","2004","2005","2006","2007","2008","2009","2010","2011","2012","2013","2014","2015","2016","2017",
"Aruba","ABW","Población que vive en barrios de tugurios (% de la población urbana)","EN.POP.SLUM.UR.ZS","","","","","","","","","","","","","","","","","","","","","","","","","","","","","","","","","","","","","","","","","","","","","","","","","","","","","","","","","","",
"Afganistán","AFG","Población que vive en barrios de tugurios (% de la población urbana)","EN.POP.SLUM.UR.ZS","","","","","","","","","","","","","","","","","","","","","","","","","","","","","","","","","","","","","","","","","","","","","","","","","","","","","","","62.7","","","",
"Angola","AGO","Población que vive en barrios de tugurios (% de la población urbana)","EN.POP.SLUM.UR.ZS","","","","","","","","","","","","","","","","","","","","","","","","","","","","","","","","","","","","","","","","","86.5","","","","","86.5","","76.2","","65.8","","","","","55.5","","","",
"Albania","ALB","Población que vive en barrios de tugurios (% de la población urbana)","EN.POP.SLUM.UR.ZS","","","","","","","","","","","","","","","","","","","","","","","","","","","","","","","","","","","","","","","","","","","","","","","","","","","","","","","","","","",
"Andorra","AND","Población que vive en barrios de tugurios (% de la población urbana)","EN.POP.SLUM.UR.ZS","","","","","","","","","","","","","","","","","","","","","","","","","","","","","","","","","","","","","","","","","","","","","","","","","","","","","","","","","","",
"El mundo árabe","ARB","Población que vive en barrios de tugurios (% de la población urbana)","EN.POP.SLUM.UR.ZS","","","","","","","","","","","","","","","","","","","","","","","","","","","","","","","","","","","","","","","","","","","","","","27.3729013709254","","","","","","","","","32.4691142948089","","","",
"Emiratos Árabes Unidos","ARE","Población que vive en barrios de tugurios (% de la población urbana)","EN.POP.SLUM.UR.ZS","","","","","","","","","","","","","","","","","","","","","","","","","","","","","","","","","","","","","","","","","","","","","","","","","","","","","","","","","","",
"Argentina","ARG","Población que vive en barrios de tugurios (% de la población urbana)","EN.POP.SLUM.UR.ZS","","","","","","","","","","","","","","","","","","","","","","","","","","","","","","","30.5","","","","","31.7","","","","","32.9","","","","","26.2","","23.5","","20.8","","","","","16.7","","","",
"Armenia","ARM","Población que vive en barrios de tugurios (% de la población urbana)","EN.POP.SLUM.UR.ZS","","","","","","","","","","","","","","","","","","","","","","","","","","","","","","","","","","","","","","","","","","","","","","","","","","","","","","","14.4","","","",
"Samoa Americana","ASM","Población que vive en barrios de tugurios (% de la población urbana)","EN.POP.SLUM.UR.ZS","","","","","","","","","","","","","","","","","","","","","","","","","","","","","","","","","","","","","","","","","","","","","","","","","","","","","","","","","","",
"Antigua y Barbuda","ATG","Población que vive en barrios de tugurios (% de la población urbana)","EN.POP.SLUM.UR.ZS","","","","","","","","","","","","","","","","","","","","","","","","","","","","","","","6.9","","","","","","","","","","","","","","","4.8","","","","","","","","","","","","",
"Australia","AUS","Población que vive en barrios de tugurios (% de la población urbana)","EN.POP.SLUM.UR.ZS","","","","","","","","","","","","","","","","","","","","","","","","","","","","","","","","","","","","","","","","","","","","","","","","","","","","","","","","","","",
"Austria","AUT","Población que vive en barrios de tugurios (% de la población urbana)","EN.POP.SLUM.UR.ZS","","","","","","","","","","","","","","","","","","","","","","","","","","","","","","","","","","","","","","","","","","","","","","","","","","","","","","","","","","",
"Azerbaiyán","AZE","Población que vive en barrios de tugurios (% de la población urbana)","EN.POP.SLUM.UR.ZS","","","","","","","","","","","","","","","","","","","","","","","","","","","","","","","","","","","","","","","","","","","","","","","","","","","","","","","","","","",
"Burundi","BDI","Población que vive en barrios de tugurios (% de la población urbana)","EN.POP.SLUM.UR.ZS","","","","","","","","","","","","","","","","","","","","","","","","","","","","","","","","","","","","","","","","","","","","","","64.3","","64.3","","","","","","","57.9","","","",
"Bélgica","BEL","Población que vive en barrios de tugurios (% de la población urbana)","EN.POP.SLUM.UR.ZS","","","","","","","","","","","","","","","","","","","","","","","","","","","","","","","","","","","","","","","","","","","","","","","","","","","","","","","","","","",
"Benin","BEN","Población que vive en barrios de tugurios (% de la población urbana)","EN.POP.SLUM.UR.ZS","","","","","","","","","","","","","","","","","","","","","","","","","","","","","","","79.3","","","","","76.8","","","","","74.3","","","","","71.8","","70.8","","69.8","","","","","61.5","","","",
"Burkina Faso","BFA","Población que vive en barrios de tugurios (% de la población urbana)","EN.POP.SLUM.UR.ZS","","","","","","","","","","","","","","","","","","","","","","","","","","","","","","","78.8","","","","","72.4","","","","","65.9","","","","","59.5","","59.5","","","","","","","65.8","","","",
"Bangladesh","BGD","Población que vive en barrios de tugurios (% de la población urbana)","EN.POP.SLUM.UR.ZS","","","","","","","","","","","","","","","","","","","","","","","","","","","","","","","87.3","","","","","84.7","","","","","77.8","","","","","70.8","","66.2","","61.6","","","","","55.1","","","",
"Bulgaria","BGR","Población que vive en barrios de tugurios (% de la población urbana)","EN.POP.SLUM.UR.ZS","","","","","","","","","","","","","","","","","","","","","","","","","","","","","","","","","","","","","","","","","","","","","","","","","","","","","","","","","","",
"Bahrein","BHR","Población que vive en barrios de tugurios (% de la población urbana)","EN.POP.SLUM.UR.ZS","","","","","","","","","","","","","","","","","","","","","","","","","","","","","","","","","","","","","","","","","","","","","","","","","","","","","","","","","","",
"Bahamas","BHS","Población que vive en barrios de tugurios (% de la población urbana)","EN.POP.SLUM.UR.ZS","","","","","","","","","","","","","","","","","","","","","","","","","","","","","","","","","","","","","","","","","","","","","","","","","","","","","","","","","","",
"Bosnia y Herzegovina","BIH","Población que vive en barrios de tugurios (% de la población urbana)","EN.POP.SLUM.UR.ZS","","","","","","","","","","","","","","","","","","","","","","","","","","","","","","","","","","","","","","","","","","","","","","","","","","","","","","","","","","",
"Belarús","BLR","Población que vive en barrios de tugurios (% de la población urbana)","EN.POP.SLUM.UR.ZS","","","","","","","","","","","","","","","","","","","","","","","","","","","","","","","","","","","","","","","","","","","","","","","","","","","","","","","","","","",
"Belice","BLZ","Población que vive en barrios de tugurios (% de la población urbana)","EN.POP.SLUM.UR.ZS","","","","","","","","","","","","","","","","","","","","","","","","","","","","","","","","","","","","","","","","","","","","","","","","18.7","","","","","","","10.8","","","",
"Bermudas","BMU","Población que vive en barrios de tugurios (% de la población urbana)","EN.POP.SLUM.UR.ZS","","","","","","","","","","","","","","","","","","","","","","","","","","","","","","","","","","","","","","","","","","","","","","","","","","","","","","","","","","",
"Bolivia","BOL","Población que vive en barrios de tugurios (% de la población urbana)","EN.POP.SLUM.UR.ZS","","","","","","","","","","","","","","","","","","","","","","","","","","","","","","","62.2","","","","","58.2","","","","","54.3","","","","","50.4","","48.8","","47.3","","","","","43.5","","","",
"Brasil","BRA","Población que vive en barrios de tugurios (% de la población urbana)","EN.POP.SLUM.UR.ZS","","","","","","","","","","","","","","","","","","","","","","","","","","","","","","","36.7","","","","","34.1","","","","","31.5","","","","","29","","28","","26.9","","","","","22.3","","","",
"Barbados","BRB","Población que vive en barrios de tugurios (% de la población urbana)","EN.POP.SLUM.UR.ZS","","","","","","","","","","","","","","","","","","","","","","","","","","","","","","","","","","","","","","","","","","","","","","","","","","","","","","","","","","",
"Brunei Darussalam","BRN","Población que vive en barrios de tugurios (% de la población urbana)","EN.POP.SLUM.UR.ZS","","","","","","","","","","","","","","","","","","","","","","","","","","","","","","","","","","","","","","","","","","","","","","","","","","","","","","","","","","",
"Bhután","BTN","Población que vive en barrios de tugurios (% de la población urbana)","EN.POP.SLUM.UR.ZS","","","","","","","","","","","","","","","","","","","","","","","","","","","","","","","70","","","","","","","","","","","","","","","","","","","","","","","","","","","",
"Botswana","BWA","Población que vive en barrios de tugurios (% de la población urbana)","EN.POP.SLUM.UR.ZS","","","","","","","","","","","","","","","","","","","","","","","","","","","","","","","59.2","","","","","","","","","","","","","","","","","","","","","","","","","","","",
"República Centroafricana","CAF","Población que vive en barrios de tugurios (% de la población urbana)","EN.POP.SLUM.UR.ZS","","","","","","","","","","","","","","","","","","","","","","","","","","","","","","","87.5","","","","","89.7","","","","","91.9","","","","","94.1","","95","","95.9","","","","","93.3","","","",
"Canadá","CAN","Población que vive en barrios de tugurios (% de la población urbana)","EN.POP.SLUM.UR.ZS","","","","","","","","","","","","","","","","","","","","","","","","","","","","","","","","","","","","","","","","","","","","","","","","","","","","","","","","","","",
"Europa Central y del Báltico","CEB","Población que vive en barrios de tugurios (% de la población urbana)","EN.POP.SLUM.UR.ZS","","","","","","","","","","","","","","","","","","","","","","","","","","","","","","","","","","","","","","","","","","","","","","","","","","","","","","","","","","",
"Suiza","CHE","Población que vive en barrios de tugurios (% de la población urbana)","EN.POP.SLUM.UR.ZS","","","","","","","","","","","","","","","","","","","","","","","","","","","","","","","","","","","","","","","","","","","","","","","","","","","","","","","","","","",
"Islas del Canal","CHI","Población que vive en barrios de tugurios (% de la población urbana)","EN.POP.SLUM.UR.ZS","","","","","","","","","","","","","","","","","","","","","","","","","","","","","","","","","","","","","","","","","","","","","","","","","","","","","","","","","","",
"Chile","CHL","Población que vive en barrios de tugurios (% de la población urbana)","EN.POP.SLUM.UR.ZS","","","","","","","","","","","","","","","","","","","","","","","","","","","","","","","","","","","","","","","","","","","","","","9","","","","","","","","","","","","",
"China","CHN","Población que vive en barrios de tugurios (% de la población urbana)","EN.POP.SLUM.UR.ZS","","","","","","","","","","","","","","","","","","","","","","","","","","","","","","","43.6","","","","","40.5","","","","","37.3","","","","","32.9","","31","","29.1","","","","","25.2","","","",
"Côte d'Ivoire","CIV","Población que vive en barrios de tugurios (% de la población urbana)","EN.POP.SLUM.UR.ZS","","","","","","","","","","","","","","","","","","","","","","","","","","","","","","","53.4","","","","","54.3","","","","","55.3","","","","","56.2","","56.6","","57","","","","","56","","","",
"Camerún","CMR","Población que vive en barrios de tugurios (% de la población urbana)","EN.POP.SLUM.UR.ZS","","","","","","","","","","","","","","","","","","","","","","","","","","","","","","","50.8","","","","","49.6","","","","","48.4","","","","","47.4","","46.6","","46.1","","","","","37.8","","","",
"Congo, República Democrática del","COD","Población que vive en barrios de tugurios (% de la población urbana)","EN.POP.SLUM.UR.ZS","","","","","","","","","","","","","","","","","","","","","","","","","","","","","","","","","","","","","","","","","","","","","","76.4","","69.1","","61.7","","","","","74.8","","","",
"Congo, República del","COG","Población que vive en barrios de tugurios (% de la población urbana)","EN.POP.SLUM.UR.ZS","","","","","","","","","","","","","","","","","","","","","","","","","","","","","","","","","","","","","","","","","","","","","","53.4","","51.7","","49.9","","","","","46.9","","","",
"Colombia","COL","Población que vive en barrios de tugurios (% de la población urbana)","EN.POP.SLUM.UR.ZS","","","","","","","","","","","","","","","","","","","","","","","","","","","","","","","31.2","","","","","26.8","","","","","22.3","","","","","17.9","","16.1","","14.3","","","","","13.1","","","",
"Comoras","COM","Población que vive en barrios de tugurios (% de la población urbana)","EN.POP.SLUM.UR.ZS","","","","","","","","","","","","","","","","","","","","","","","","","","","","","","","65.4","","","","","65.4","","","","","65.4","","","","","68.9","","68.9","","","","","","","69.6","","","",
"Cabo Verde","CPV","Población que vive en barrios de tugurios (% de la población urbana)","EN.POP.SLUM.UR.ZS","","","","","","","","","","","","","","","","","","","","","","","","","","","","","","","70.3","","","","","","","","","","","","","","","","","","","","","","","","","","","",
"Costa Rica","CRI","Población que vive en barrios de tugurios (% de la población urbana)","EN.POP.SLUM.UR.ZS","","","","","","","","","","","","","","","","","","","","","","","","","","","","","","","","","","","","","","","","","","","","","","10.9","","","","","","","","","5.5","","","",
"Estados pequeos del Caribe","CSS","Población que vive en barrios de tugurios (% de la población urbana)","EN.POP.SLUM.UR.ZS","","","","","","","","","","","","","","","","","","","","","","","","","","","","","","","","","","","","","","","","","","","","","","40.8000594330861","","","","","","","","","","","","",
"Cuba","CUB","Población que vive en barrios de tugurios (% de la población urbana)","EN.POP.SLUM.UR.ZS","","","","","","","","","","","","","","","","","","","","","","","","","","","","","","","","","","","","","","","","","","","","","","","","","","","","","","","","","","",
"Curacao","CUW","Población que vive en barrios de tugurios (% de la población urbana)","EN.POP.SLUM.UR.ZS","","","","","","","","","","","","","","","","","","","","","","","","","","","","","","","","","","","","","","","","","","","","","","","","","","","","","","","","","","",
"Islas Caimán","CYM","Población que vive en barrios de tugurios (% de la población urbana)","EN.POP.SLUM.UR.ZS","","","","","","","","","","","","","","","","","","","","","","","","","","","","","","","","","","","","","","","","","","","","","","","","","","","","","","","","","","",
"Chipre","CYP","Población que vive en barrios de tugurios (% de la población urbana)","EN.POP.SLUM.UR.ZS","","","","","","","","","","","","","","","","","","","","","","","","","","","","","","","","","","","","","","","","","","","","","","","","","","","","","","","","","","",
"República Checa","CZE","Población que vive en barrios de tugurios (% de la población urbana)","EN.POP.SLUM.UR.ZS","","","","","","","","","","","","","","","","","","","","","","","","","","","","","","","","","","","","","","","","","","","","","","","","","","","","","","","","","","",
"Alemania","DEU","Población que vive en barrios de tugurios (% de la población urbana)","EN.POP.SLUM.UR.ZS","","","","","","","","","","","","","","","","","","","","","","","","","","","","","","","","","","","","","","","","","","","","","","","","","","","","","","","","","","",
"Djibouti","DJI","Población que vive en barrios de tugurios (% de la población urbana)","EN.POP.SLUM.UR.ZS","","","","","","","","","","","","","","","","","","","","","","","","","","","","","","","","","","","","","","","","","","","","","","","","","","","","","","","65.6","","","",
"Dominica","DMA","Población que vive en barrios de tugurios (% de la población urbana)","EN.POP.SLUM.UR.ZS","","","","","","","","","","","","","","","","","","","","","","","","","","","","","","","16.6","","","","","","","","","","","","","","","","","","","","","","","","","","","",
"Dinamarca","DNK","Población que vive en barrios de tugurios (% de la población urbana)","EN.POP.SLUM.UR.ZS","","","","","","","","","","","","","","","","","","","","","","","","","","","","","","","","","","","","","","","","","","","","","","","","","","","","","","","","","","",
"República Dominicana","DOM","Población que vive en barrios de tugurios (% de la población urbana)","EN.POP.SLUM.UR.ZS","","","","","","","","","","","","","","","","","","","","","","","","","","","","","","","27.9","","","","","24.4","","","","","21","","","","","17.6","","16.2","","14.8","","","","","12.1","","","",
"Argelia","DZA","Población que vive en barrios de tugurios (% de la población urbana)","EN.POP.SLUM.UR.ZS","","","","","","","","","","","","","","","","","","","","","","","","","","","","","","","11.8","","","","","","","","","","","","","","","","","","","","","","","","","","","",
"Asia oriental y el Pacífico (excluido altos ingresos)","EAP","Población que vive en barrios de tugurios (% de la población urbana)","EN.POP.SLUM.UR.ZS","","","","","","","","","","","","","","","","","","","","","","","","","","","","","","","46.6862169738263","","","","","42.0232203055144","","","","","37.9035589073258","","","","","33.1144216496494","","30.5976194850373","","28.9538881098005","","","","","25.7899238792442","","","",
"inicial del dividendo demográfico","EAR","Población que vive en barrios de tugurios (% de la población urbana)","EN.POP.SLUM.UR.ZS","","","","","","","","","","","","","","","","","","","","","","","","","","","","","","","48.6370460918374","","","","","44.4921120562363","","","","","39.3042527142396","","","","","33.0704296685834","","31.4435037221498","","31.0777395455161","","","","","26.9743840284056","","","",
"Asia oriental y el Pacífico","EAS","Población que vive en barrios de tugurios (% de la población urbana)","EN.POP.SLUM.UR.ZS","","","","","","","","","","","","","","","","","","","","","","","","","","","","","","","46.6862169738263","","","","","42.0232203055144","","","","","37.9035589073258","","","","","33.1144216496494","","30.5976194850373","","28.9538881098005","","","","","25.7899238792442","","","",
"Europa y Asia central (excluido altos ingresos)","ECA","Población que vive en barrios de tugurios (% de la población urbana)","EN.POP.SLUM.UR.ZS","","","","","","","","","","","","","","","","","","","","","","","","","","","","","","","","","","","","","","","","","","","","","","","","","","","","","","","","","","",
"Europa y Asia central","ECS","Población que vive en barrios de tugurios (% de la población urbana)","EN.POP.SLUM.UR.ZS","","","","","","","","","","","","","","","","","","","","","","","","","","","","","","","","","","","","","","","","","","","","","","","","","","","","","","","","","","",
"Ecuador","ECU","Población que vive en barrios de tugurios (% de la población urbana)","EN.POP.SLUM.UR.ZS","","","","","","","","","","","","","","","","","","","","","","","","","","","","","","","","","","","","","","","","","","","","","","21.5","","","","","","","","","36","","","",
"Egipto, República Árabe de","EGY","Población que vive en barrios de tugurios (% de la población urbana)","EN.POP.SLUM.UR.ZS","","","","","","","","","","","","","","","","","","","","","","","","","","","","","","","50.2","","","","","39.2","","","","","28.1","","","","","17.1","","14.4","","13.1","","","","","10.6","","","",
"Zona del Euro","EMU","Población que vive en barrios de tugurios (% de la población urbana)","EN.POP.SLUM.UR.ZS","","","","","","","","","","","","","","","","","","","","","","","","","","","","","","","","","","","","","","","","","","","","","","","","","","","","","","","","","","",
"Eritrea","ERI","Población que vive en barrios de tugurios (% de la población urbana)","EN.POP.SLUM.UR.ZS","","","","","","","","","","","","","","","","","","","","","","","","","","","","","","","69.9","","","","","","","","","","","","","","","","","","","","","","","","","","","",
"España","ESP","Población que vive en barrios de tugurios (% de la población urbana)","EN.POP.SLUM.UR.ZS","","","","","","","","","","","","","","","","","","","","","","","","","","","","","","","","","","","","","","","","","","","","","","","","","","","","","","","","","","",
"Estonia","EST","Población que vive en barrios de tugurios (% de la población urbana)","EN.POP.SLUM.UR.ZS","","","","","","","","","","","","","","","","","","","","","","","","","","","","","","","","","","","","","","","","","","","","","","","","","","","","","","","","","","",
"Etiopía","ETH","Población que vive en barrios de tugurios (% de la población urbana)","EN.POP.SLUM.UR.ZS","","","","","","","","","","","","","","","","","","","","","","","","","","","","","","","95.5","","","","","95.5","","","","","88.6","","","","","81.8","","79.1","","76.4","","","","","73.9","","","",
"Unión Europea","EUU","Población que vive en barrios de tugurios (% de la población urbana)","EN.POP.SLUM.UR.ZS","","","","","","","","","","","","","","","","","","","","","","","","","","","","","","","","","","","","","","","","","","","","","","","","","","","","","","","","","","",
"Frágiles y situaciones de conflicto afectados","FCS","Población que vive en barrios de tugurios (% de la población urbana)","EN.POP.SLUM.UR.ZS","","","","","","","","","","","","","","","","","","","","","","","","","","","","","","","","","","","","","","","","","","","","","","57.1400401269975","","","","","","","","","60.8261467846792","","","",
"Finlandia","FIN","Población que vive en barrios de tugurios (% de la población urbana)","EN.POP.SLUM.UR.ZS","","","","","","","","","","","","","","","","","","","","","","","","","","","","","","","","","","","","","","","","","","","","","","","","","","","","","","","","","","",
"Fiji","FJI","Población que vive en barrios de tugurios (% de la población urbana)","EN.POP.SLUM.UR.ZS","","","","","","","","","","","","","","","","","","","","","","","","","","","","","","","","","","","","","","","","","","","","","","","","","","","","","","","","","","",
"Francia","FRA","Población que vive en barrios de tugurios (% de la población urbana)","EN.POP.SLUM.UR.ZS","","","","","","","","","","","","","","","","","","","","","","","","","","","","","","","","","","","","","","","","","","","","","","","","","","","","","","","","","","",
"Islas Feroe","FRO","Población que vive en barrios de tugurios (% de la población urbana)","EN.POP.SLUM.UR.ZS","","","","","","","","","","","","","","","","","","","","","","","","","","","","","","","","","","","","","","","","","","","","","","","","","","","","","","","","","","",
"Micronesia (Estados Federados de)","FSM","Población que vive en barrios de tugurios (% de la población urbana)","EN.POP.SLUM.UR.ZS","","","","","","","","","","","","","","","","","","","","","","","","","","","","","","","","","","","","","","","","","","","","","","","","","","","","","","","","","","",
"Gabón","GAB","Población que vive en barrios de tugurios (% de la población urbana)","EN.POP.SLUM.UR.ZS","","","","","","","","","","","","","","","","","","","","","","","","","","","","","","","","","","","","","","","","","","","","","","38.7","","","","","","","","","37","","","",
"Reino Unido","GBR","Población que vive en barrios de tugurios (% de la población urbana)","EN.POP.SLUM.UR.ZS","","","","","","","","","","","","","","","","","","","","","","","","","","","","","","","","","","","","","","","","","","","","","","","","","","","","","","","","","","",
"Georgia","GEO","Población que vive en barrios de tugurios (% de la población urbana)","EN.POP.SLUM.UR.ZS","","","","","","","","","","","","","","","","","","","","","","","","","","","","","","","","","","","","","","","","","","","","","","","","","","","","","","","","","","",
"Ghana","GHA","Población que vive en barrios de tugurios (% de la población urbana)","EN.POP.SLUM.UR.ZS","","","","","","","","","","","","","","","","","","","","","","","","","","","","","","","65.5","","","","","58.8","","","","","52.1","","","","","45.4","","42.8","","40.1","","","","","37.9","","","",
"Gibraltar","GIB","Población que vive en barrios de tugurios (% de la población urbana)","EN.POP.SLUM.UR.ZS","","","","","","","","","","","","","","","","","","","","","","","","","","","","","","","","","","","","","","","","","","","","","","","","","","","","","","","","","","",
"Guinea","GIN","Población que vive en barrios de tugurios (% de la población urbana)","EN.POP.SLUM.UR.ZS","","","","","","","","","","","","","","","","","","","","","","","","","","","","","","","80.4","","","","","68.8","","","","","57.3","","","","","45.7","","45.7","","","","","","","43.3","","","",
"Gambia","GMB","Población que vive en barrios de tugurios (% de la población urbana)","EN.POP.SLUM.UR.ZS","","","","","","","","","","","","","","","","","","","","","","","","","","","","","","","","","","","","","","","","","","","","","","45.4","","34.8","","","","","","","34.8","","","",
"Guinea-Bissau","GNB","Población que vive en barrios de tugurios (% de la población urbana)","EN.POP.SLUM.UR.ZS","","","","","","","","","","","","","","","","","","","","","","","","","","","","","","","","","","","","","","","","","","","","","","83.1","","","","","","","","","82.3","","","",
"Guinea Ecuatorial","GNQ","Población que vive en barrios de tugurios (% de la población urbana)","EN.POP.SLUM.UR.ZS","","","","","","","","","","","","","","","","","","","","","","","","","","","","","","","","","","","","","","","","","","","","","","66.3","","","","","","","","","66.2","","","",
"Grecia","GRC","Población que vive en barrios de tugurios (% de la población urbana)","EN.POP.SLUM.UR.ZS","","","","","","","","","","","","","","","","","","","","","","","","","","","","","","","","","","","","","","","","","","","","","","","","","","","","","","","","","","",
"Granada","GRD","Población que vive en barrios de tugurios (% de la población urbana)","EN.POP.SLUM.UR.ZS","","","","","","","","","","","","","","","","","","","","","","","","","","","","","","","","","","","","","","","","","","","","","","6","","","","","","","","","","","","",
"Groenlandia","GRL","Población que vive en barrios de tugurios (% de la población urbana)","EN.POP.SLUM.UR.ZS","","","","","","","","","","","","","","","","","","","","","","","","","","","","","","","","","","","","","","","","","","","","","","","","","","","","","","","","","","",
"Guatemala","GTM","Población que vive en barrios de tugurios (% de la población urbana)","EN.POP.SLUM.UR.ZS","","","","","","","","","","","","","","","","","","","","","","","","","","","","","","","58.6","","","","","53.3","","","","","48.1","","","","","42.9","","40.8","","38.7","","","","","34.5","","","",
"Guam","GUM","Población que vive en barrios de tugurios (% de la población urbana)","EN.POP.SLUM.UR.ZS","","","","","","","","","","","","","","","","","","","","","","","","","","","","","","","","","","","","","","","","","","","","","","","","","","","","","","","","","","",
"Guyana","GUY","Población que vive en barrios de tugurios (% de la población urbana)","EN.POP.SLUM.UR.ZS","","","","","","","","","","","","","","","","","","","","","","","","","","","","","","","","","","","","","","","","","","","","","","33.7","","33.5","","33.2","","","","","33.1","","","",
"Ingreso alto","HIC","Población que vive en barrios de tugurios (% de la población urbana)","EN.POP.SLUM.UR.ZS","","","","","","","","","","","","","","","","","","","","","","","","","","","","","","","","","","","","","","","","","","","","","","","","","","","","","","","","","","",
"Hong Kong, Región Administrativa Especial","HKG","Población que vive en barrios de tugurios (% de la población urbana)","EN.POP.SLUM.UR.ZS","","","","","","","","","","","","","","","","","","","","","","","","","","","","","","","","","","","","","","","","","","","","","","","","","","","","","","","","","","",
"Honduras","HND","Población que vive en barrios de tugurios (% de la población urbana)","EN.POP.SLUM.UR.ZS","","","","","","","","","","","","","","","","","","","","","","","","","","","","","","","","","","","","","","","","","","","","","","34.9","","","","","","","","","27.5","","","",
"Países pobres muy endeudados (PPME)","HPC","Población que vive en barrios de tugurios (% de la población urbana)","EN.POP.SLUM.UR.ZS","","","","","","","","","","","","","","","","","","","","","","","","","","","","","","","74.6171442428907","","","","","71.7023875525942","","","","","67.9846260249474","","","","","65.0044371917096","","63.2120758950049","","62.2144029709966","","","","","62.0507452679317","","","",
"Croacia","HRV","Población que vive en barrios de tugurios (% de la población urbana)","EN.POP.SLUM.UR.ZS","","","","","","","","","","","","","","","","","","","","","","","","","","","","","","","","","","","","","","","","","","","","","","","","","","","","","","","","","","",
"Haití","HTI","Población que vive en barrios de tugurios (% de la población urbana)","EN.POP.SLUM.UR.ZS","","","","","","","","","","","","","","","","","","","","","","","","","","","","","","","93.4","","","","","93.4","","","","","93.4","","","","","70.1","","70.1","","70.1","","","","","74.4","","","",
"Hungría","HUN","Población que vive en barrios de tugurios (% de la población urbana)","EN.POP.SLUM.UR.ZS","","","","","","","","","","","","","","","","","","","","","","","","","","","","","","","","","","","","","","","","","","","","","","","","","","","","","","","","","","",
"Sólo BIRF","IBD","Población que vive en barrios de tugurios (% de la población urbana)","EN.POP.SLUM.UR.ZS","","","","","","","","","","","","","","","","","","","","","","","","","","","","","","","43.704499730581","","","","","39.7025067537585","","","","","35.6073455042221","","","","","30.6374147929037","","28.9029806632606","","27.8588431817341","","","","","23.5131905762402","","","",
"BIRF y la AIF","IBT","Población que vive en barrios de tugurios (% de la población urbana)","EN.POP.SLUM.UR.ZS","","","","","","","","","","","","","","","","","","","","","","","","","","","","","","","47.0312485460315","","","","","43.5138954619251","","","","","39.6417887348422","","","","","35.5366487146904","","34.0182710794683","","33.0868077532224","","","","","29.7454330268457","","","",
"total de la AIF","IDA","Población que vive en barrios de tugurios (% de la población urbana)","EN.POP.SLUM.UR.ZS","","","","","","","","","","","","","","","","","","","","","","","","","","","","","","","69.9660339298359","","","","","67.6016849153362","","","","","64.3224952297958","","","","","60.1877320576294","","59.4589655864655","","58.9955976808314","","","","","55.1556903273846","","","",
"mezcla de la AIF","IDB","Población que vive en barrios de tugurios (% de la población urbana)","EN.POP.SLUM.UR.ZS","","","","","","","","","","","","","","","","","","","","","","","","","","","","","","","59.663237039645","","","","","57.6726579727082","","","","","55.8186304830692","","","","","54.7102706263714","","54.1078110772925","","53.4780791647317","","","","","47.2240885450905","","","",
"Indonesia","IDN","Población que vive en barrios de tugurios (% de la población urbana)","EN.POP.SLUM.UR.ZS","","","","","","","","","","","","","","","","","","","","","","","","","","","","","","","50.8","","","","","42.6","","","","","34.4","","","","","26.3","","23","","23","","","","","21.8","","","",
"Sólo AIF","IDX","Población que vive en barrios de tugurios (% de la población urbana)","EN.POP.SLUM.UR.ZS","","","","","","","","","","","","","","","","","","","","","","","","","","","","","","","","","","","","","","","","","","","","","","63.6729868215129","","63.3230465528731","","63.5148314971364","","","","","59.7709924699665","","","",
"Isla de Man","IMN","Población que vive en barrios de tugurios (% de la población urbana)","EN.POP.SLUM.UR.ZS","","","","","","","","","","","","","","","","","","","","","","","","","","","","","","","","","","","","","","","","","","","","","","","","","","","","","","","","","","",
"India","IND","Población que vive en barrios de tugurios (% de la población urbana)","EN.POP.SLUM.UR.ZS","","","","","","","","","","","","","","","","","","","","","","","","","","","","","","","54.9","","","","","48.2","","","","","41.5","","","","","34.8","","32.1","","29.4","","","","","24","","","",
"No clasificado","INX","Población que vive en barrios de tugurios (% de la población urbana)","EN.POP.SLUM.UR.ZS","","","","","","","","","","","","","","","","","","","","","","","","","","","","","","","","","","","","","","","","","","","","","","","","","","","","","","","","","","",
"Irlanda","IRL","Población que vive en barrios de tugurios (% de la población urbana)","EN.POP.SLUM.UR.ZS","","","","","","","","","","","","","","","","","","","","","","","","","","","","","","","","","","","","","","","","","","","","","","","","","","","","","","","","","","",
"Irán, República Islámica del","IRN","Población que vive en barrios de tugurios (% de la población urbana)","EN.POP.SLUM.UR.ZS","","","","","","","","","","","","","","","","","","","","","","","","","","","","","","","51.9","","","","","","","","","","","","","","","30.3","","","","","","","","","","","","",
"Iraq","IRQ","Población que vive en barrios de tugurios (% de la población urbana)","EN.POP.SLUM.UR.ZS","","","","","","","","","","","","","","","","","","","","","","","","","","","","","","","16.9","","","","","16.9","","","","","16.9","","","","","52.8","","52.8","","52.8","","","","","47.2","","","",
"Islandia","ISL","Población que vive en barrios de tugurios (% de la población urbana)","EN.POP.SLUM.UR.ZS","","","","","","","","","","","","","","","","","","","","","","","","","","","","","","","","","","","","","","","","","","","","","","","","","","","","","","","","","","",
"Israel","ISR","Población que vive en barrios de tugurios (% de la población urbana)","EN.POP.SLUM.UR.ZS","","","","","","","","","","","","","","","","","","","","","","","","","","","","","","","","","","","","","","","","","","","","","","","","","","","","","","","","","","",
"Italia","ITA","Población que vive en barrios de tugurios (% de la población urbana)","EN.POP.SLUM.UR.ZS","","","","","","","","","","","","","","","","","","","","","","","","","","","","","","","","","","","","","","","","","","","","","","","","","","","","","","","","","","",
"Jamaica","JAM","Población que vive en barrios de tugurios (% de la población urbana)","EN.POP.SLUM.UR.ZS","","","","","","","","","","","","","","","","","","","","","","","","","","","","","","","","","","","","","","","","","","","","","","60.5","","","","","","","","","","","","",
"Jordania","JOR","Población que vive en barrios de tugurios (% de la población urbana)","EN.POP.SLUM.UR.ZS","","","","","","","","","","","","","","","","","","","","","","","","","","","","","","","","","","","","","","","","","","","","","","15.8","","17.7","","19.6","","","","","12.9","","","",
"Japón","JPN","Población que vive en barrios de tugurios (% de la población urbana)","EN.POP.SLUM.UR.ZS","","","","","","","","","","","","","","","","","","","","","","","","","","","","","","","","","","","","","","","","","","","","","","","","","","","","","","","","","","",
"Kazajstán","KAZ","Población que vive en barrios de tugurios (% de la población urbana)","EN.POP.SLUM.UR.ZS","","","","","","","","","","","","","","","","","","","","","","","","","","","","","","","","","","","","","","","","","","","","","","","","","","","","","","","","","","",
"Kenya","KEN","Población que vive en barrios de tugurios (% de la población urbana)","EN.POP.SLUM.UR.ZS","","","","","","","","","","","","","","","","","","","","","","","","","","","","","","","54.9","","","","","54.8","","","","","54.8","","","","","54.8","","54.8","","54.7","","","","","56","","","",
"Kirguistán","KGZ","Población que vive en barrios de tugurios (% de la población urbana)","EN.POP.SLUM.UR.ZS","","","","","","","","","","","","","","","","","","","","","","","","","","","","","","","","","","","","","","","","","","","","","","","","","","","","","","","","","","",
"Camboya","KHM","Población que vive en barrios de tugurios (% de la población urbana)","EN.POP.SLUM.UR.ZS","","","","","","","","","","","","","","","","","","","","","","","","","","","","","","","","","","","","","","","","","","","","","","78.9","","","","","","","","","55.1","","","",
"Kiribati","KIR","Población que vive en barrios de tugurios (% de la población urbana)","EN.POP.SLUM.UR.ZS","","","","","","","","","","","","","","","","","","","","","","","","","","","","","","","","","","","","","","","","","","","","","","","","","","","","","","","","","","",
"Saint Kitts y Nevis","KNA","Población que vive en barrios de tugurios (% de la población urbana)","EN.POP.SLUM.UR.ZS","","","","","","","","","","","","","","","","","","","","","","","","","","","","","","","","","","","","","","","","","","","","","","","","","","","","","","","","","","",
"Corea, República de","KOR","Población que vive en barrios de tugurios (% de la población urbana)","EN.POP.SLUM.UR.ZS","","","","","","","","","","","","","","","","","","","","","","","","","","","","","","","","","","","","","","","","","","","","","","","","","","","","","","","","","","",
"Kuwait","KWT","Población que vive en barrios de tugurios (% de la población urbana)","EN.POP.SLUM.UR.ZS","","","","","","","","","","","","","","","","","","","","","","","","","","","","","","","","","","","","","","","","","","","","","","","","","","","","","","","","","","",
"América Latina y el Caribe (excluido altos ingresos)","LAC","Población que vive en barrios de tugurios (% de la población urbana)","EN.POP.SLUM.UR.ZS","","","","","","","","","","","","","","","","","","","","","","","","","","","","","","","36.0950480002405","","","","","32.9995820180183","","","","","29.9021888915351","","","","","25.98073107682","","24.8424958928748","","","","","","","20.6863953001537","","","",
"República Democrática Popular Lao","LAO","Población que vive en barrios de tugurios (% de la población urbana)","EN.POP.SLUM.UR.ZS","","","","","","","","","","","","","","","","","","","","","","","","","","","","","","","","","","","","","","","","","","","","","","79.3","","","","","","","","","31.4","","","",
"Líbano","LBN","Población que vive en barrios de tugurios (% de la población urbana)","EN.POP.SLUM.UR.ZS","","","","","","","","","","","","","","","","","","","","","","","","","","","","","","","","","","","","","","","","","","","","","","53.1","","","","","","","","","","","","",
"Liberia","LBR","Población que vive en barrios de tugurios (% de la población urbana)","EN.POP.SLUM.UR.ZS","","","","","","","","","","","","","","","","","","","","","","","","","","","","","","","","","","","","","","","","","","","","","","","","","","68.3","","","","","65.7","","","",
"Libia","LBY","Población que vive en barrios de tugurios (% de la población urbana)","EN.POP.SLUM.UR.ZS","","","","","","","","","","","","","","","","","","","","","","","","","","","","","","","35.2","","","","","","","","","","","","","","","","","","","","","","","","","","","",
"Santa Lucía","LCA","Población que vive en barrios de tugurios (% de la población urbana)","EN.POP.SLUM.UR.ZS","","","","","","","","","","","","","","","","","","","","","","","","","","","","","","","","","","","","","","","","","","","","","","11.9","","","","","","","","","","","","",
"América Latina y el Caribe","LCN","Población que vive en barrios de tugurios (% de la población urbana)","EN.POP.SLUM.UR.ZS","","","","","","","","","","","","","","","","","","","","","","","","","","","","","","","35.4668092583214","","","","","32.8605370693259","","","","","30.2100094549749","","","","","25.4086696053117","","24.70931882908","","","","","","","20.3485806868449","","","",
"Países menos desarrollados: clasificación de las Naciones Unidas","LDC","Población que vive en barrios de tugurios (% de la población urbana)","EN.POP.SLUM.UR.ZS","","","","","","","","","","","","","","","","","","","","","","","","","","","","","","","","","","","","","","","","","","","","","","70.1854129179653","","68.7307991209388","","65.6666328373183","","","","","62.6722111759239","","","",
"Países de ingreso bajo","LIC","Población que vive en barrios de tugurios (% de la población urbana)","EN.POP.SLUM.UR.ZS","","","","","","","","","","","","","","","","","","","","","","","","","","","","","","","75.4771333231276","","","","","","","","","","","","","","","64.9519630362293","","63.901698987166","","65.9934830171521","","","","","62.6154825132209","","","",
"Liechtenstein","LIE","Población que vive en barrios de tugurios (% de la población urbana)","EN.POP.SLUM.UR.ZS","","","","","","","","","","","","","","","","","","","","","","","","","","","","","","","","","","","","","","","","","","","","","","","","","","","","","","","","","","",
"Sri Lanka","LKA","Población que vive en barrios de tugurios (% de la población urbana)","EN.POP.SLUM.UR.ZS","","","","","","","","","","","","","","","","","","","","","","","","","","","","","","","24.8","","","","","","","","","","","","","","","","","","","","","","","","","","","",
"Países de ingreso mediano bajo","LMC","Población que vive en barrios de tugurios (% de la población urbana)","EN.POP.SLUM.UR.ZS","","","","","","","","","","","","","","","","","","","","","","","","","","","","","","","56.4973181860886","","","","","51.0312213917618","","","","","45.4975305237802","","","","","40.0527567094849","","37.4778256643511","","35.567320503167","","","","","32.1239365376031","","","",
"Ingreso mediano y bajo","LMY","Población que vive en barrios de tugurios (% de la población urbana)","EN.POP.SLUM.UR.ZS","","","","","","","","","","","","","","","","","","","","","","","","","","","","","","","47.6589131629913","","","","","43.7947675660277","","","","","39.7875187752255","","","","","35.9078423660828","","34.2105653574876","","33.3196841859123","","","","","29.9556363096552","","","",
"Lesotho","LSO","Población que vive en barrios de tugurios (% de la población urbana)","EN.POP.SLUM.UR.ZS","","","","","","","","","","","","","","","","","","","","","","","","","","","","","","","","","","","","","","","","","","","","","","35.1","","44.4","","53.7","","","","","50.8","","","",
"avanzada del dividendo demográfico","LTE","Población que vive en barrios de tugurios (% de la población urbana)","EN.POP.SLUM.UR.ZS","","","","","","","","","","","","","","","","","","","","","","","","","","","","","","","42.318335646172","","","","","38.7445333051259","","","","","35.4672673653974","","","","","30.9015167394287","","29.6089806712651","","27.917107898745","","","","","23.9204858382464","","","",
"Lituania","LTU","Población que vive en barrios de tugurios (% de la población urbana)","EN.POP.SLUM.UR.ZS","","","","","","","","","","","","","","","","","","","","","","","","","","","","","","","","","","","","","","","","","","","","","","","","","","","","","","","","","","",
"Luxemburgo","LUX","Población que vive en barrios de tugurios (% de la población urbana)","EN.POP.SLUM.UR.ZS","","","","","","","","","","","","","","","","","","","","","","","","","","","","","","","","","","","","","","","","","","","","","","","","","","","","","","","","","","",
"Letonia","LVA","Población que vive en barrios de tugurios (% de la población urbana)","EN.POP.SLUM.UR.ZS","","","","","","","","","","","","","","","","","","","","","","","","","","","","","","","","","","","","","","","","","","","","","","","","","","","","","","","","","","",
"Región Administrativa Especial de Macao, China","MAC","Población que vive en barrios de tugurios (% de la población urbana)","EN.POP.SLUM.UR.ZS","","","","","","","","","","","","","","","","","","","","","","","","","","","","","","","","","","","","","","","","","","","","","","","","","","","","","","","","","","",
"Isla de San Martín (parte francesa)","MAF","Población que vive en barrios de tugurios (% de la población urbana)","EN.POP.SLUM.UR.ZS","","","","","","","","","","","","","","","","","","","","","","","","","","","","","","","","","","","","","","","","","","","","","","","","","","","","","","","","","","",
"Marruecos","MAR","Población que vive en barrios de tugurios (% de la población urbana)","EN.POP.SLUM.UR.ZS","","","","","","","","","","","","","","","","","","","","","","","","","","","","","","","37.4","","","","","35.2","","","","","24.2","","","","","13.1","","13.1","","13.1","","","","","13.1","","","",
"Mónaco","MCO","Población que vive en barrios de tugurios (% de la población urbana)","EN.POP.SLUM.UR.ZS","","","","","","","","","","","","","","","","","","","","","","","","","","","","","","","","","","","","","","","","","","","","","","","","","","","","","","","","","","",
"República de Moldova","MDA","Población que vive en barrios de tugurios (% de la población urbana)","EN.POP.SLUM.UR.ZS","","","","","","","","","","","","","","","","","","","","","","","","","","","","","","","","","","","","","","","","","","","","","","","","","","","","","","","","","","",
"Madagascar","MDG","Población que vive en barrios de tugurios (% de la población urbana)","EN.POP.SLUM.UR.ZS","","","","","","","","","","","","","","","","","","","","","","","","","","","","","","","93","","","","","88.6","","","","","84.1","","","","","80.6","","78","","76.2","","","","","77.2","","","",
"Maldivas","MDV","Población que vive en barrios de tugurios (% de la población urbana)","EN.POP.SLUM.UR.ZS","","","","","","","","","","","","","","","","","","","","","","","","","","","","","","","","","","","","","","","","","","","","","","","","","","","","","","","","","","",
"Oriente Medio y Norte de África","MEA","Población que vive en barrios de tugurios (% de la población urbana)","EN.POP.SLUM.UR.ZS","","","","","","","","","","","","","","","","","","","","","","","","","","","","","","","39.461592674246","","","","","","","","","","","","","","","27.1079078638034","","","","","","","","","","","","",
"México","MEX","Población que vive en barrios de tugurios (% de la población urbana)","EN.POP.SLUM.UR.ZS","","","","","","","","","","","","","","","","","","","","","","","","","","","","","","","23.1","","","","","21.5","","","","","19.9","","","","","14.4","","14.4","","","","","","","11.1","","","",
"Islas Marshall","MHL","Población que vive en barrios de tugurios (% de la población urbana)","EN.POP.SLUM.UR.ZS","","","","","","","","","","","","","","","","","","","","","","","","","","","","","","","","","","","","","","","","","","","","","","","","","","","","","","","","","","",
" Ingreso mediano","MIC","Población que vive en barrios de tugurios (% de la población urbana)","EN.POP.SLUM.UR.ZS","","","","","","","","","","","","","","","","","","","","","","","","","","","","","","","46.3330309951884","","","","","42.5150060948701","","","","","38.4209838824901","","","","","33.9649716764198","","32.1178860675585","","31.250115849868","","","","","27.2165376562075","","","",
"Ex República Yugoslava de Macedonia","MKD","Población que vive en barrios de tugurios (% de la población urbana)","EN.POP.SLUM.UR.ZS","","","","","","","","","","","","","","","","","","","","","","","","","","","","","","","","","","","","","","","","","","","","","","","","","","","","","","","","","","",
"Malí","MLI","Población que vive en barrios de tugurios (% de la población urbana)","EN.POP.SLUM.UR.ZS","","","","","","","","","","","","","","","","","","","","","","","","","","","","","","","94.2","","","","","84.8","","","","","75.4","","","","","65.9","","65.9","","65.9","","","","","56.3","","","",
"Malta","MLT","Población que vive en barrios de tugurios (% de la población urbana)","EN.POP.SLUM.UR.ZS","","","","","","","","","","","","","","","","","","","","","","","","","","","","","","","","","","","","","","","","","","","","","","","","","","","","","","","","","","",
"Myanmar","MMR","Población que vive en barrios de tugurios (% de la población urbana)","EN.POP.SLUM.UR.ZS","","","","","","","","","","","","","","","","","","","","","","","","","","","","","","","","","","","","","","","","","","","","","","45.6","","","","","","","","","41","","","",
"Oriente Medio y Norte de África (excluido altos ingresos)","MNA","Población que vive en barrios de tugurios (% de la población urbana)","EN.POP.SLUM.UR.ZS","","","","","","","","","","","","","","","","","","","","","","","","","","","","","","","39.2036624795189","","","","","","","","","","","","","","","28.3689845537114","","","","","","","","","","","","",
"Montenegro","MNE","Población que vive en barrios de tugurios (% de la población urbana)","EN.POP.SLUM.UR.ZS","","","","","","","","","","","","","","","","","","","","","","","","","","","","","","","","","","","","","","","","","","","","","","","","","","","","","","","","","","",
"Mongolia","MNG","Población que vive en barrios de tugurios (% de la población urbana)","EN.POP.SLUM.UR.ZS","","","","","","","","","","","","","","","","","","","","","","","","","","","","","","","68.5","","","","","66.7","","","","","64.9","","","","","57.9","","57.9","","","","","","","42.7","","","",
"Mariana","MNP","Población que vive en barrios de tugurios (% de la población urbana)","EN.POP.SLUM.UR.ZS","","","","","","","","","","","","","","","","","","","","","","","","","","","","","","","","","","","","","","","","","","","","","","","","","","","","","","","","","","",
"Mozambique","MOZ","Población que vive en barrios de tugurios (% de la población urbana)","EN.POP.SLUM.UR.ZS","","","","","","","","","","","","","","","","","","","","","","","","","","","","","","","75.6","","","","","76.9","","","","","78.2","","","","","79.5","","80","","80.5","","","","","80.3","","","",
"Mauritania","MRT","Población que vive en barrios de tugurios (% de la población urbana)","EN.POP.SLUM.UR.ZS","","","","","","","","","","","","","","","","","","","","","","","","","","","","","","","","","","","","","","","","","","","","","","","","","","","","","","","79.9","","","",
"Mauricio","MUS","Población que vive en barrios de tugurios (% de la población urbana)","EN.POP.SLUM.UR.ZS","","","","","","","","","","","","","","","","","","","","","","","","","","","","","","","","","","","","","","","","","","","","","","","","","","","","","","","","","","",
"Malawi","MWI","Población que vive en barrios de tugurios (% de la población urbana)","EN.POP.SLUM.UR.ZS","","","","","","","","","","","","","","","","","","","","","","","","","","","","","","","66.4","","","","","66.4","","","","","66.4","","","","","66.4","","67.7","","68.9","","","","","66.7","","","",
"Malasia","MYS","Población que vive en barrios de tugurios (% de la población urbana)","EN.POP.SLUM.UR.ZS","","","","","","","","","","","","","","","","","","","","","","","","","","","","","","","","","","","","","","","","","","","","","","","","","","","","","","","","","","",
"América del Norte","NAC","Población que vive en barrios de tugurios (% de la población urbana)","EN.POP.SLUM.UR.ZS","","","","","","","","","","","","","","","","","","","","","","","","","","","","","","","","","","","","","","","","","","","","","","","","","","","","","","","","","","",
"Namibia","NAM","Población que vive en barrios de tugurios (% de la población urbana)","EN.POP.SLUM.UR.ZS","","","","","","","","","","","","","","","","","","","","","","","","","","","","","","","34.4","","","","","34.1","","","","","33.9","","","","","33.9","","33.6","","33.5","","","","","33.2","","","",
"Nueva Caledonia","NCL","Población que vive en barrios de tugurios (% de la población urbana)","EN.POP.SLUM.UR.ZS","","","","","","","","","","","","","","","","","","","","","","","","","","","","","","","","","","","","","","","","","","","","","","","","","","","","","","","","","","",
"Níger","NER","Población que vive en barrios de tugurios (% de la población urbana)","EN.POP.SLUM.UR.ZS","","","","","","","","","","","","","","","","","","","","","","","","","","","","","","","83.6","","","","","83.1","","","","","82.6","","","","","82.1","","81.9","","81.7","","","","","70.1","","","",
"Nigeria","NGA","Población que vive en barrios de tugurios (% de la población urbana)","EN.POP.SLUM.UR.ZS","","","","","","","","","","","","","","","","","","","","","","","","","","","","","","","77.3","","","","","73.5","","","","","69.6","","","","","65.8","","64.2","","62.7","","","","","50.2","","","",
"Nicaragua","NIC","Población que vive en barrios de tugurios (% de la población urbana)","EN.POP.SLUM.UR.ZS","","","","","","","","","","","","","","","","","","","","","","","","","","","","","","","89.1","","","","","74.5","","","","","60","","","","","45.5","","45.5","","","","","","","","","","",
"Países Bajos","NLD","Población que vive en barrios de tugurios (% de la población urbana)","EN.POP.SLUM.UR.ZS","","","","","","","","","","","","","","","","","","","","","","","","","","","","","","","","","","","","","","","","","","","","","","","","","","","","","","","","","","",
"Noruega","NOR","Población que vive en barrios de tugurios (% de la población urbana)","EN.POP.SLUM.UR.ZS","","","","","","","","","","","","","","","","","","","","","","","","","","","","","","","","","","","","","","","","","","","","","","","","","","","","","","","","","","",
"Nepal","NPL","Población que vive en barrios de tugurios (% de la población urbana)","EN.POP.SLUM.UR.ZS","","","","","","","","","","","","","","","","","","","","","","","","","","","","","","","70.6","","","","","67.3","","","","","64","","","","","60.7","","59.4","","58.1","","","","","54.3","","","",
"Nauru","NRU","Población que vive en barrios de tugurios (% de la población urbana)","EN.POP.SLUM.UR.ZS","","","","","","","","","","","","","","","","","","","","","","","","","","","","","","","","","","","","","","","","","","","","","","","","","","","","","","","","","","",
"Nueva Zelandia","NZL","Población que vive en barrios de tugurios (% de la población urbana)","EN.POP.SLUM.UR.ZS","","","","","","","","","","","","","","","","","","","","","","","","","","","","","","","","","","","","","","","","","","","","","","","","","","","","","","","","","","",
"Miembros OCDE","OED","Población que vive en barrios de tugurios (% de la población urbana)","EN.POP.SLUM.UR.ZS","","","","","","","","","","","","","","","","","","","","","","","","","","","","","","","","","","","","","","","","","","","","","","","","","","","","","","","","","","",
"Omán","OMN","Población que vive en barrios de tugurios (% de la población urbana)","EN.POP.SLUM.UR.ZS","","","","","","","","","","","","","","","","","","","","","","","","","","","","","","","60.5","","","","","","","","","","","","","","","","","","","","","","","","","","","",
"Otros Estados pequeos","OSS","Población que vive en barrios de tugurios (% de la población urbana)","EN.POP.SLUM.UR.ZS","","","","","","","","","","","","","","","","","","","","","","","","","","","","","","","","","","","","","","","","","","","","","","","","","","","","","","","","","","",
"Pakistán","PAK","Población que vive en barrios de tugurios (% de la población urbana)","EN.POP.SLUM.UR.ZS","","","","","","","","","","","","","","","","","","","","","","","","","","","","","","","51","","","","","49.8","","","","","48.7","","","","","47.5","","47","","46.6","","","","","45.5","","","",
"Panamá","PAN","Población que vive en barrios de tugurios (% de la población urbana)","EN.POP.SLUM.UR.ZS","","","","","","","","","","","","","","","","","","","","","","","","","","","","","","","","","","","","","","","","","","","","","","23","","","","","","","","","25.8","","","",
"Perú","PER","Población que vive en barrios de tugurios (% de la población urbana)","EN.POP.SLUM.UR.ZS","","","","","","","","","","","","","","","","","","","","","","","","","","","","","","","66.4","","","","","56.3","","","","","46.2","","","","","36.1","","36.1","","","","","","","34.2","","","",
"Filipinas","PHL","Población que vive en barrios de tugurios (% de la población urbana)","EN.POP.SLUM.UR.ZS","","","","","","","","","","","","","","","","","","","","","","","","","","","","","","","54.3","","","","","50.8","","","","","47.2","","","","","43.7","","42.3","","40.9","","","","","38.3","","","",
"Palau","PLW","Población que vive en barrios de tugurios (% de la población urbana)","EN.POP.SLUM.UR.ZS","","","","","","","","","","","","","","","","","","","","","","","","","","","","","","","","","","","","","","","","","","","","","","","","","","","","","","","","","","",
"Papua Nueva Guinea","PNG","Población que vive en barrios de tugurios (% de la población urbana)","EN.POP.SLUM.UR.ZS","","","","","","","","","","","","","","","","","","","","","","","","","","","","","","","","","","","","","","","","","","","","","","","","","","","","","","","","","","",
"Polonia","POL","Población que vive en barrios de tugurios (% de la población urbana)","EN.POP.SLUM.UR.ZS","","","","","","","","","","","","","","","","","","","","","","","","","","","","","","","","","","","","","","","","","","","","","","","","","","","","","","","","","","",
"previa al dividendo demográfico","PRE","Población que vive en barrios de tugurios (% de la población urbana)","EN.POP.SLUM.UR.ZS","","","","","","","","","","","","","","","","","","","","","","","","","","","","","","","65.0126871102545","","","","","62.9984623267053","","","","","62.3195654949114","","","","","66.0063746016282","","63.5487841628835","","61.9263230276941","","","","","58.7221226160279","","","",
"Puerto Rico","PRI","Población que vive en barrios de tugurios (% de la población urbana)","EN.POP.SLUM.UR.ZS","","","","","","","","","","","","","","","","","","","","","","","","","","","","","","","","","","","","","","","","","","","","","","","","","","","","","","","","","","",
"Corea, República Popular Democrática de","PRK","Población que vive en barrios de tugurios (% de la población urbana)","EN.POP.SLUM.UR.ZS","","","","","","","","","","","","","","","","","","","","","","","","","","","","","","","68.5","","","","","","","","","","","","","","","","","","","","","","","","","","","",
"Portugal","PRT","Población que vive en barrios de tugurios (% de la población urbana)","EN.POP.SLUM.UR.ZS","","","","","","","","","","","","","","","","","","","","","","","","","","","","","","","","","","","","","","","","","","","","","","","","","","","","","","","","","","",
"Paraguay","PRY","Población que vive en barrios de tugurios (% de la población urbana)","EN.POP.SLUM.UR.ZS","","","","","","","","","","","","","","","","","","","","","","","","","","","","","","","","","","","","","","","","","","","","","","17.6","","","","","","","","","","","","",
"Ribera Occidental y Gaza","PSE","Población que vive en barrios de tugurios (% de la población urbana)","EN.POP.SLUM.UR.ZS","","","","","","","","","","","","","","","","","","","","","","","","","","","","","","","","","","","","","","","","","","","","","","","","","","","","","","","","","","",
"Estados pequeos de las Islas del Pacfico","PSS","Población que vive en barrios de tugurios (% de la población urbana)","EN.POP.SLUM.UR.ZS","","","","","","","","","","","","","","","","","","","","","","","","","","","","","","","","","","","","","","","","","","","","","","","","","","","","","","","","","","",
"posterior al dividendo demográfico","PST","Población que vive en barrios de tugurios (% de la población urbana)","EN.POP.SLUM.UR.ZS","","","","","","","","","","","","","","","","","","","","","","","","","","","","","","","","","","","","","","","","","","","","","","","","","","","","","","","","","","",
"Polinesia Francesa","PYF","Población que vive en barrios de tugurios (% de la población urbana)","EN.POP.SLUM.UR.ZS","","","","","","","","","","","","","","","","","","","","","","","","","","","","","","","","","","","","","","","","","","","","","","","","","","","","","","","","","","",
"Qatar","QAT","Población que vive en barrios de tugurios (% de la población urbana)","EN.POP.SLUM.UR.ZS","","","","","","","","","","","","","","","","","","","","","","","","","","","","","","","","","","","","","","","","","","","","","","","","","","","","","","","","","","",
"Rumania","ROU","Población que vive en barrios de tugurios (% de la población urbana)","EN.POP.SLUM.UR.ZS","","","","","","","","","","","","","","","","","","","","","","","","","","","","","","","","","","","","","","","","","","","","","","","","","","","","","","","","","","",
"Federación de Rusia","RUS","Población que vive en barrios de tugurios (% de la población urbana)","EN.POP.SLUM.UR.ZS","","","","","","","","","","","","","","","","","","","","","","","","","","","","","","","","","","","","","","","","","","","","","","","","","","","","","","","","","","",
"Rwanda","RWA","Población que vive en barrios de tugurios (% de la población urbana)","EN.POP.SLUM.UR.ZS","","","","","","","","","","","","","","","","","","","","","","","","","","","","","","","96","","","","","87.9","","","","","79.7","","","","","71.6","","68.3","","65.1","","","","","53.2","","","",
"Asia meridional","SAS","Población que vive en barrios de tugurios (% de la población urbana)","EN.POP.SLUM.UR.ZS","","","","","","","","","","","","","","","","","","","","","","","","","","","","","","","56.6207767821597","","","","","51.4439702980606","","","","","45.6137852407804","","","","","39.8081870670211","","37.2832802606201","","34.7593500917455","","","","","30.4462636577431","","","",
"Arabia Saudita","SAU","Población que vive en barrios de tugurios (% de la población urbana)","EN.POP.SLUM.UR.ZS","","","","","","","","","","","","","","","","","","","","","","","","","","","","","","","","","","","","","","","","","","","","","","18","","","","","","","","","","","","",
"Sudán","SDN","Población que vive en barrios de tugurios (% de la población urbana)","EN.POP.SLUM.UR.ZS","","","","","","","","","","","","","","","","","","","","","","","","","","","","","","","","","","","","","","","","","","","","","","","","","","","","","","","91.6","","","",
"Senegal","SEN","Población que vive en barrios de tugurios (% de la población urbana)","EN.POP.SLUM.UR.ZS","","","","","","","","","","","","","","","","","","","","","","","","","","","","","","","70.6","","","","","59.8","","","","","48.9","","","","","43.3","","41.1","","38.8","","","","","39.4","","","",
"Singapur","SGP","Población que vive en barrios de tugurios (% de la población urbana)","EN.POP.SLUM.UR.ZS","","","","","","","","","","","","","","","","","","","","","","","","","","","","","","","","","","","","","","","","","","","","","","","","","","","","","","","","","","",
"Islas Salomón","SLB","Población que vive en barrios de tugurios (% de la población urbana)","EN.POP.SLUM.UR.ZS","","","","","","","","","","","","","","","","","","","","","","","","","","","","","","","","","","","","","","","","","","","","","","","","","","","","","","","","","","",
"Sierra Leona","SLE","Población que vive en barrios de tugurios (% de la población urbana)","EN.POP.SLUM.UR.ZS","","","","","","","","","","","","","","","","","","","","","","","","","","","","","","","","","","","","","","","","","","","","","","97","","","","","","","","","75.6","","","",
"El Salvador","SLV","Población que vive en barrios de tugurios (% de la población urbana)","EN.POP.SLUM.UR.ZS","","","","","","","","","","","","","","","","","","","","","","","","","","","","","","","","","","","","","","","","","","","","","","28.9","","","","","","","","","","","","",
"San Marino","SMR","Población que vive en barrios de tugurios (% de la población urbana)","EN.POP.SLUM.UR.ZS","","","","","","","","","","","","","","","","","","","","","","","","","","","","","","","","","","","","","","","","","","","","","","","","","","","","","","","","","","",
"Somalia","SOM","Población que vive en barrios de tugurios (% de la población urbana)","EN.POP.SLUM.UR.ZS","","","","","","","","","","","","","","","","","","","","","","","","","","","","","","","","","","","","","","","","","","","","","","73.5","","73.6","","73.6","","","","","73.6","","","",
"Serbia","SRB","Población que vive en barrios de tugurios (% de la población urbana)","EN.POP.SLUM.UR.ZS","","","","","","","","","","","","","","","","","","","","","","","","","","","","","","","","","","","","","","","","","","","","","","","","","","","","","","","","","","",
"África al sur del Sahara (excluido altos ingresos)","SSA","Población que vive en barrios de tugurios (% de la población urbana)","EN.POP.SLUM.UR.ZS","","","","","","","","","","","","","","","","","","","","","","","","","","","","","","","67.081882845279","","","","","63.9347514267724","","","","","61.769894937004","","","","","61.2767185628526","","58.5651519738453","","57.1232043308279","","","","","55.257657510466","","","",
"Sudán del Sur","SSD","Población que vive en barrios de tugurios (% de la población urbana)","EN.POP.SLUM.UR.ZS","","","","","","","","","","","","","","","","","","","","","","","","","","","","","","","","","","","","","","","","","","","","","","","","","","","","","","","95.6","","","",
"África al sur del Sahara","SSF","Población que vive en barrios de tugurios (% de la población urbana)","EN.POP.SLUM.UR.ZS","","","","","","","","","","","","","","","","","","","","","","","","","","","","","","","67.081882845279","","","","","63.9347514267724","","","","","61.769894937004","","","","","61.2767185628526","","58.5651519738453","","57.1232043308279","","","","","55.257657510466","","","",
"Pequeños Estados","SST","Población que vive en barrios de tugurios (% de la población urbana)","EN.POP.SLUM.UR.ZS","","","","","","","","","","","","","","","","","","","","","","","","","","","","","","","","","","","","","","","","","","","","","","","","","","","","","","","","","","",
"Santo Tomé y Príncipe","STP","Población que vive en barrios de tugurios (% de la población urbana)","EN.POP.SLUM.UR.ZS","","","","","","","","","","","","","","","","","","","","","","","","","","","","","","","","","","","","","","","","","","","","","","","","","","","","","","","86.6","","","",
"Suriname","SUR","Población que vive en barrios de tugurios (% de la población urbana)","EN.POP.SLUM.UR.ZS","","","","","","","","","","","","","","","","","","","","","","","","","","","","","","","","","","","","","","","","","","","","","","3.9","","","","","","","","","7.3","","","",
"República Eslovaca","SVK","Población que vive en barrios de tugurios (% de la población urbana)","EN.POP.SLUM.UR.ZS","","","","","","","","","","","","","","","","","","","","","","","","","","","","","","","","","","","","","","","","","","","","","","","","","","","","","","","","","","",
"Eslovenia","SVN","Población que vive en barrios de tugurios (% de la población urbana)","EN.POP.SLUM.UR.ZS","","","","","","","","","","","","","","","","","","","","","","","","","","","","","","","","","","","","","","","","","","","","","","","","","","","","","","","","","","",
"Suecia","SWE","Población que vive en barrios de tugurios (% de la población urbana)","EN.POP.SLUM.UR.ZS","","","","","","","","","","","","","","","","","","","","","","","","","","","","","","","","","","","","","","","","","","","","","","","","","","","","","","","","","","",
"Eswatini","SWZ","Población que vive en barrios de tugurios (% de la población urbana)","EN.POP.SLUM.UR.ZS","","","","","","","","","","","","","","","","","","","","","","","","","","","","","","","","","","","","","","","","","","","","","","","","","","","","","","","32.7","","","",
"Sint Maarten (Dutch part)","SXM","Población que vive en barrios de tugurios (% de la población urbana)","EN.POP.SLUM.UR.ZS","","","","","","","","","","","","","","","","","","","","","","","","","","","","","","","","","","","","","","","","","","","","","","","","","","","","","","","","","","",
"Seychelles","SYC","Población que vive en barrios de tugurios (% de la población urbana)","EN.POP.SLUM.UR.ZS","","","","","","","","","","","","","","","","","","","","","","","","","","","","","","","","","","","","","","","","","","","","","","","","","","","","","","","","","","",
"República Árabe Siria","SYR","Población que vive en barrios de tugurios (% de la población urbana)","EN.POP.SLUM.UR.ZS","","","","","","","","","","","","","","","","","","","","","","","","","","","","","","","","","","","","","","","","","","","","","","10.5","","22.5","","","","","","","19.3","","","",
"Islas Turcas y Caicos","TCA","Población que vive en barrios de tugurios (% de la población urbana)","EN.POP.SLUM.UR.ZS","","","","","","","","","","","","","","","","","","","","","","","","","","","","","","","","","","","","","","","","","","","","","","","","","","","","","","","","","","",
"Chad","TCD","Población que vive en barrios de tugurios (% de la población urbana)","EN.POP.SLUM.UR.ZS","","","","","","","","","","","","","","","","","","","","","","","","","","","","","","","98.9","","","","","96.4","","","","","93.9","","","","","91.3","","90.3","","89.3","","","","","88.2","","","",
"Asia oriental y el Pacífico (BIRF y la AIF)","TEA","Población que vive en barrios de tugurios (% de la población urbana)","EN.POP.SLUM.UR.ZS","","","","","","","","","","","","","","","","","","","","","","","","","","","","","","","46.0398167317587","","","","","42.0232203055144","","","","","37.9035589073258","","","","","33.1144216496494","","30.5976194850373","","28.9538881098005","","","","","25.7899238792442","","","",
"Europa y Asia central (BIRF y la AIF)","TEC","Población que vive en barrios de tugurios (% de la población urbana)","EN.POP.SLUM.UR.ZS","","","","","","","","","","","","","","","","","","","","","","","","","","","","","","","","","","","","","","","","","","","","","","","","","","","","","","","","","","",
"Togo","TGO","Población que vive en barrios de tugurios (% de la población urbana)","EN.POP.SLUM.UR.ZS","","","","","","","","","","","","","","","","","","","","","","","","","","","","","","","","","","","","","","","","","","","","","","62.1","","","","","","","","","51.2","","","",
"Tailandia","THA","Población que vive en barrios de tugurios (% de la población urbana)","EN.POP.SLUM.UR.ZS","","","","","","","","","","","","","","","","","","","","","","","","","","","","","","","","","","","","","","","","","","","","","","26","","26.5","","27","","","","","25","","","",
"Tayikistán","TJK","Población que vive en barrios de tugurios (% de la población urbana)","EN.POP.SLUM.UR.ZS","","","","","","","","","","","","","","","","","","","","","","","","","","","","","","","","","","","","","","","","","","","","","","","","","","","","","","","","","","",
"Turkmenistán","TKM","Población que vive en barrios de tugurios (% de la población urbana)","EN.POP.SLUM.UR.ZS","","","","","","","","","","","","","","","","","","","","","","","","","","","","","","","","","","","","","","","","","","","","","","","","","","","","","","","","","","",
"América Latina y el Caribe (BIRF y la AIF)","TLA","Población que vive en barrios de tugurios (% de la población urbana)","EN.POP.SLUM.UR.ZS","","","","","","","","","","","","","","","","","","","","","","","","","","","","","","","35.4668092583214","","","","","32.8605370693259","","","","","30.2100094549749","","","","","25.4086696053117","","24.70931882908","","","","","","","20.3485806868449","","","",
"Timor-Leste","TLS","Población que vive en barrios de tugurios (% de la población urbana)","EN.POP.SLUM.UR.ZS","","","","","","","","","","","","","","","","","","","","","","","","","","","","","","","","","","","","","","","","","","","","","","","","","","","","","","","","","","",
"Oriente Medio y Norte de África (BIRF y la AIF)","TMN","Población que vive en barrios de tugurios (% de la población urbana)","EN.POP.SLUM.UR.ZS","","","","","","","","","","","","","","","","","","","","","","","","","","","","","","","39.2036624795189","","","","","","","","","","","","","","","28.3689845537114","","","","","","","","","","","","",
"Tonga","TON","Población que vive en barrios de tugurios (% de la población urbana)","EN.POP.SLUM.UR.ZS","","","","","","","","","","","","","","","","","","","","","","","","","","","","","","","","","","","","","","","","","","","","","","","","","","","","","","","","","","",
"Asia meridional (BIRF y la AIF)","TSA","Población que vive en barrios de tugurios (% de la población urbana)","EN.POP.SLUM.UR.ZS","","","","","","","","","","","","","","","","","","","","","","","","","","","","","","","56.6207767821597","","","","","51.4439702980606","","","","","45.6137852407804","","","","","39.8081870670211","","37.2832802606201","","34.7593500917455","","","","","30.4462636577431","","","",
"África al sur del Sahara (BIRF y la AIF)","TSS","Población que vive en barrios de tugurios (% de la población urbana)","EN.POP.SLUM.UR.ZS","","","","","","","","","","","","","","","","","","","","","","","","","","","","","","","67.081882845279","","","","","63.9347514267724","","","","","61.769894937004","","","","","61.2767185628526","","58.5651519738453","","57.1232043308279","","","","","55.257657510466","","","",
"Trinidad y Tobago","TTO","Población que vive en barrios de tugurios (% de la población urbana)","EN.POP.SLUM.UR.ZS","","","","","","","","","","","","","","","","","","","","","","","","","","","","","","","","","","","","","","","","","","","","","","24.7","","","","","","","","","","","","",
"Túnez","TUN","Población que vive en barrios de tugurios (% de la población urbana)","EN.POP.SLUM.UR.ZS","","","","","","","","","","","","","","","","","","","","","","","","","","","","","","","","","","","","","","","","","","","","","","","","","","","","","","","8","","","",
"Turquía","TUR","Población que vive en barrios de tugurios (% de la población urbana)","EN.POP.SLUM.UR.ZS","","","","","","","","","","","","","","","","","","","","","","","","","","","","","","","23.4","","","","","20.7","","","","","17.9","","","","","15.5","","14.1","","13","","","","","11.9","","","",
"Tuvalu","TUV","Población que vive en barrios de tugurios (% de la población urbana)","EN.POP.SLUM.UR.ZS","","","","","","","","","","","","","","","","","","","","","","","","","","","","","","","","","","","","","","","","","","","","","","","","","","","","","","","","","","",
"Tanzanía","TZA","Población que vive en barrios de tugurios (% de la población urbana)","EN.POP.SLUM.UR.ZS","","","","","","","","","","","","","","","","","","","","","","","","","","","","","","","77.4","","","","","73.7","","","","","70.1","","","","","66.4","","65","","63.5","","","","","50.7","","","",
"Uganda","UGA","Población que vive en barrios de tugurios (% de la población urbana)","EN.POP.SLUM.UR.ZS","","","","","","","","","","","","","","","","","","","","","","","","","","","","","","","75","","","","","75","","","","","75","","","","","66.7","","63.4","","60.1","","","","","53.6","","","",
"Ucrania","UKR","Población que vive en barrios de tugurios (% de la población urbana)","EN.POP.SLUM.UR.ZS","","","","","","","","","","","","","","","","","","","","","","","","","","","","","","","","","","","","","","","","","","","","","","","","","","","","","","","","","","",
"Ingreso mediano alto","UMC","Población que vive en barrios de tugurios (% de la población urbana)","EN.POP.SLUM.UR.ZS","","","","","","","","","","","","","","","","","","","","","","","","","","","","","","","38.7264315797386","","","","","35.749862258344","","","","","32.7701468009267","","","","","29.5207642879916","","27.9690532376223","","27.5441187989434","","","","","23.2354231987546","","","",
"Uruguay","URY","Población que vive en barrios de tugurios (% de la población urbana)","EN.POP.SLUM.UR.ZS","","","","","","","","","","","","","","","","","","","","","","","","","","","","","","","","","","","","","","","","","","","","","","","","","","","","","","","","","","",
"Estados Unidos","USA","Población que vive en barrios de tugurios (% de la población urbana)","EN.POP.SLUM.UR.ZS","","","","","","","","","","","","","","","","","","","","","","","","","","","","","","","","","","","","","","","","","","","","","","","","","","","","","","","","","","",
"Uzbekistán","UZB","Población que vive en barrios de tugurios (% de la población urbana)","EN.POP.SLUM.UR.ZS","","","","","","","","","","","","","","","","","","","","","","","","","","","","","","","","","","","","","","","","","","","","","","","","","","","","","","","","","","",
"San Vicente y las Granadinas","VCT","Población que vive en barrios de tugurios (% de la población urbana)","EN.POP.SLUM.UR.ZS","","","","","","","","","","","","","","","","","","","","","","","","","","","","","","","","","","","","","","","","","","","","","","","","","","","","","","","","","","",
"Venezuela","VEN","Población que vive en barrios de tugurios (% de la población urbana)","EN.POP.SLUM.UR.ZS","","","","","","","","","","","","","","","","","","","","","","","","","","","","","","","","","","","","","","","","","","","","","","32","","","","","","","","","","","","",
"Islas Vírgenes Británicas","VGB","Población que vive en barrios de tugurios (% de la población urbana)","EN.POP.SLUM.UR.ZS","","","","","","","","","","","","","","","","","","","","","","","","","","","","","","","","","","","","","","","","","","","","","","","","","","","","","","","","","","",
"Islas Vírgenes (EE.UU.)","VIR","Población que vive en barrios de tugurios (% de la población urbana)","EN.POP.SLUM.UR.ZS","","","","","","","","","","","","","","","","","","","","","","","","","","","","","","","","","","","","","","","","","","","","","","","","","","","","","","","","","","",
"Viet Nam","VNM","Población que vive en barrios de tugurios (% de la población urbana)","EN.POP.SLUM.UR.ZS","","","","","","","","","","","","","","","","","","","","","","","","","","","","","","","60.5","","","","","54.6","","","","","48.8","","","","","41.3","","38.3","","35.2","","","","","27.2","","","",
"Vanuatu","VUT","Población que vive en barrios de tugurios (% de la población urbana)","EN.POP.SLUM.UR.ZS","","","","","","","","","","","","","","","","","","","","","","","","","","","","","","","","","","","","","","","","","","","","","","","","","","","","","","","","","","",
"Mundo","WLD","Población que vive en barrios de tugurios (% de la población urbana)","EN.POP.SLUM.UR.ZS","","","","","","","","","","","","","","","","","","","","","","","","","","","","","","","47.4065868484959","","","","","","","","","","39.6483669266786","","","","","35.8594443695648","","34.1985151677867","","33.3306196582094","","","","","","","","",
"Samoa","WSM","Población que vive en barrios de tugurios (% de la población urbana)","EN.POP.SLUM.UR.ZS","","","","","","","","","","","","","","","","","","","","","","","","","","","","","","","","","","","","","","","","","","","","","","","","","","","","","","","","","","",
"Kosovo","XKX","Población que vive en barrios de tugurios (% de la población urbana)","EN.POP.SLUM.UR.ZS","","","","","","","","","","","","","","","","","","","","","","","","","","","","","","","","","","","","","","","","","","","","","","","","","","","","","","","","","","",
"Yemen, Rep. del","YEM","Población que vive en barrios de tugurios (% de la población urbana)","EN.POP.SLUM.UR.ZS","","","","","","","","","","","","","","","","","","","","","","","","","","","","","","","","","","","","","","","","","","","","","","67.2","","76.8","","","","","","","60.8","","","",
"Sudáfrica","ZAF","Población que vive en barrios de tugurios (% de la población urbana)","EN.POP.SLUM.UR.ZS","","","","","","","","","","","","","","","","","","","","","","","","","","","","","","","46.2","","","","","39.7","","","","","33.2","","","","","28.7","","23","","23","","","","","23","","","",
"Zambia","ZMB","Población que vive en barrios de tugurios (% de la población urbana)","EN.POP.SLUM.UR.ZS","","","","","","","","","","","","","","","","","","","","","","","","","","","","","","","57","","","","","57.1","","","","","57.2","","","","","57.2","","57.3","","57.3","","","","","54","","","",
"Zimbabwe","ZWE","Población que vive en barrios de tugurios (% de la población urbana)","EN.POP.SLUM.UR.ZS","","","","","","","","","","","","","","","","","","","","","","","","","","","","","","","4","","","","","3.7","","","","","3.3","","","","","17.9","","21","","24.1","","","","","25.1","","","",
